type,number,date,partenaire_id,client_name,client_ice,client_address,city,has_cachet,line_items,tva_rate,ht,tva,ttc,is_active,is_locked
facture,001/2026/AI,2025-01-05,b0dede0c-950d-42a9-b6bb-d33db55420dd,MINGDIAN INTERNATIONAL,003389053000034,,Casablanca,false,"[{""desc"":""CHARIOT ELEVATEUR 5T"",""unit"":""JOUR"",""qty"":31.0,""unit_price"":1000.0},{""desc"":""PELLE SUR PNEUS AVEC MARTEAU"",""unit"":""JOUR"",""qty"":13.0,""unit_price"":1538.46},{""desc"":""CAMION 8*4"",""unit"":""JOUR"",""qty"":3.35,""unit_price"":1884.61}]",20,57313.42,11462.68,68776.1,true,true
facture,002/2026/AI,2025-01-05,b0dede0c-950d-42a9-b6bb-d33db55420dd,MINGDIAN INTERNATIONAL,003389053000034,,Casablanca,false,"[{""desc"":""CHARIOT ELEVATEUR 5T"",""unit"":""JOUR"",""qty"":30.0,""unit_price"":1000.0},{""desc"":""PELLE SUR PNEUS AVEC MARTEAU"",""unit"":""JOUR"",""qty"":10.0,""unit_price"":1538.46},{""desc"":""FRAIS MOBILISATION PELLE SUR PNEUS 1 ENTRER 1 SORTIE"",""unit"":""FF"",""qty"":2.0,""unit_price"":2000.0}]",20,49384.6,9876.92,59261.52,true,true
facture,003/2026/AL,2026-01-06,b00daf69-db4b-4fe8-8721-9591d7df85bf,CHINA OVERSEAS ENGINEERING CORPORATION,001596313000044,"INARA, ROUTE 28 N°25, CALIFORNIE, 20150 CASABLANCA",Casablanca,false,"[{""desc"":""Disjoncteur différentiel intégré 450/4P"",""unit"":""PIECE"",""qty"":1,""unit_price"":8300,""tva_rate"":20},{""desc"":""Disjoncteur différentiel 2p 40A"",""unit"":""PIECE"",""qty"":5,""unit_price"":305,""tva_rate"":20},{""desc"":""Projecteur de grue 2000 W"",""unit"":""PIECE"",""qty"":15,""unit_price"":3650,""tva_rate"":20},{""desc"":""Module de protection différentiel 250/4P"",""unit"":""PIECE"",""qty"":3,""unit_price"":1600,""tva_rate"":20},{""desc"":""Module de protection différentiel 160/4P"",""unit"":""PIECE"",""qty"":4,""unit_price"":1600,""tva_rate"":20},{""desc"":""Module de protection différentiel 100/4P"",""unit"":""PIECE"",""qty"":1,""unit_price"":1400,""tva_rate"":20},{""desc"":""Chaussure de sécurité N°41"",""unit"":""PAIRES"",""qty"":4,""unit_price"":180,""tva_rate"":20},{""desc"":""Chaussure de sécurité N°42"",""unit"":""PAIRES"",""qty"":2,""unit_price"":180,""tva_rate"":20},{""desc"":""Chaussure de sécurité ARMA TK N°43"",""unit"":""PAIRES"",""qty"":2,""unit_price"":180,""tva_rate"":20},{""desc"":""Chaussure de sécurité N°45"",""unit"":""PAIRES"",""qty"":1,""unit_price"":180,""tva_rate"":20},{""desc"":""Botte plastique"",""unit"":""PAIRE"",""qty"":17,""unit_price"":87,""tva_rate"":20},{""desc"":""Imperméable veste+pantalon"",""unit"":""PIECE"",""qty"":60,""unit_price"":144,""tva_rate"":20},{""desc"":""Pompe submersible turbine à deux canaux"",""unit"":""PIECE"",""qty"":2,""unit_price"":2950,""tva_rate"":20},{""desc"":""Huile hydraulique 20L"",""unit"":""SET"",""qty"":2,""unit_price"":1176,""tva_rate"":20},{""desc"":""Bande de signalisation R/B MAC 70MMX200M"",""unit"":""PIECE"",""qty"":1,""unit_price"":36,""tva_rate"":20},{""desc"":""Fourreau de protection pour pompe SV 5X2.5"",""unit"":""ML"",""qty"":200,""unit_price"":33,""tva_rate"":20},{""desc"":""Botte plastique N°36"",""unit"":""PAIRES"",""qty"":1,""unit_price"":150,""tva_rate"":20},{""desc"":""Parapluie"",""unit"":""PIECE"",""qty"":20,""unit_price"":96,""tva_rate"":20},{""desc"":""Frais de service"",""unit"":""F"",""qty"":1,""unit_price"":2200,""tva_rate"":20}]",20,108072.0,21614.4,129686.4,true,true
facture,003/2026/AI,2026-01-05,a03d5a5e-f0f0-4363-9f01-c7c55c1f67af,GOTION POWER MOROCCO,003520699000060,,Casablanca,false,"[{""desc"":""LOCATION JOURNALIERE D’UNE GRUE MOBILE 130T"",""unit"":""JOURS"",""qty"":11.0,""unit_price"":19000.0,""tva_rate"":0.0},{""desc"":""LOCATION D’UNE GRUE MOBILE 130T"",""unit"":""HEURES"",""qty"":2.0,""unit_price"":2111.11,""tva_rate"":0.0},{""desc"":""MOBILISATION GRUE 130T"",""unit"":""ALLER-RETOUR"",""qty"":1.0,""unit_price"":22000.0,""tva_rate"":0.0},{""desc"":""LOCATION JOURNALIERE D’UN CAMION PLATEAU"",""unit"":""JOURS"",""qty"":11.0,""unit_price"":1500.0,""tva_rate"":0.0}]",20,251722.22,0.0,251722.22,true,true
facture,005/2026/AI,2026-01-12,85aff188-c5db-4c7a-8c05-10c7fb9eda0d,ZHONGLI CONSTRUCTION,003069395000031,,Casablanca,false,"[{""desc"":""LOCATION JOURNALIERE DE 3 CAMIONS"",""unit"":""JOURS"",""qty"":26.0,""unit_price"":1700.0,""tva_rate"":20.0}]",20,44200.0,8840.0,53040.0,true,true
facture,010/2026/AI,2026-01-20,4762e414-808a-4375-b3a3-d434344333a5,ALMADEN MOROCCO,001921213000036,,Casablanca,false,"[{""desc"":""LOCATION FORFAITAIRE D’UN CHARIOT ELEVATEUR 12T"",""unit"":""FF"",""qty"":1.0,""unit_price"":46000.0}]",20,46000.0,9200.0,55200.0,true,true
facture,013/2026/AI,2026-01-29,c327769f-2f62-4a8b-876c-b3d2ebd79832,AFRICA GLOBAL LOGISTICS & SHIPPING MAROC,001527059000033,"43 BD KHALID IBNOU LOUALID, AIN SEBAA, CASABLANCA",Casablanca,false,"[{""desc"":""MISE A DISPOSITION CLARK"",""unit"":""MOIS"",""qty"":1.0,""unit_price"":25000.0,""tva_rate"":20.0},{""desc"":""MISE A DISPOSITION DE MAGASINIER ET ESPACE DE STOCKAGE"",""unit"":""MOIS"",""qty"":1.0,""unit_price"":12145.0,""tva_rate"":20.0}]",20,37145.0,7429.0,44574.0,true,true
facture,014/2026/AI,2026-01-29,c327769f-2f62-4a8b-876c-b3d2ebd79832,AFRICA GLOBAL LOGISTICS & SHIPPING MAROC,001527059000033,"43 BD KHALID IBNOU LOUALID, AIN SEBAA, CASABLANCA",Casablanca,false,"[{""desc"":""MISE A DISPOSITION MANITOU"",""unit"":""MOIS"",""qty"":1.0,""unit_price"":30000.0,""tva_rate"":20.0},{""desc"":""SANGLES 10 TONNES"",""unit"":""PIECES"",""qty"":20.0,""unit_price"":402.35,""tva_rate"":20.0}]",20,38047.0,7609.4,45656.4,true,true
facture,006/2026/AI,2026-01-06,c327769f-2f62-4a8b-876c-b3d2ebd79832,AFRICA GLOBAL LOGISTICS & SHIPPING MAROC,001527059000033,"43 BD KHALID IBNOU LOUALID, AIN SEBAA, CASABLANCA",Casablanca,false,"[{""desc"":""CALES EN BOIS"",""unit"":""PIECES"",""qty"":30.0,""unit_price"":180.0,""tva_rate"":20.0}]",20,5400.0,1080.0,6480.0,true,true
facture,007/2026/AI,2026-01-06,c327769f-2f62-4a8b-876c-b3d2ebd79832,AFRICA GLOBAL LOGISTICS & SHIPPING MAROC,001527059000033,"43 BD KHALID IBNOU LOUALID, AIN SEBAA, CASABLANCA",Casablanca,false,"[{""desc"":""HEURES SUPPLEMENTAIRES DU MAGASINIER"",""unit"":""HEURES"",""qty"":16.0,""unit_price"":269.0,""tva_rate"":20.0},{""desc"":""SANGLES"",""unit"":""PIECES"",""qty"":5.0,""unit_price"":167.0,""tva_rate"":20.0}]",20,5139.0,1027.8,6166.8,true,true
facture,008/2026/AI,2026-01-06,c327769f-2f62-4a8b-876c-b3d2ebd79832,AFRICA GLOBAL LOGISTICS & SHIPPING MAROC,001527059000033,"43 BD KHALID IBNOU LOUALID, AIN SEBAA, CASABLANCA",Casablanca,false,"[{""desc"":""MISE A DISPOSITION MANITO"",""unit"":""JOURS"",""qty"":10.0,""unit_price"":5800.0,""tva_rate"":20.0}]",20,58000.0,11600.0,69600.0,true,true
facture,009/2026/AI,2026-01-06,c327769f-2f62-4a8b-876c-b3d2ebd79832,AFRICA GLOBAL LOGISTICS & SHIPPING MAROC,001527059000033,"43 BD KHALID IBNOU LOUALID, AIN SEBAA, CASABLANCA",Casablanca,false,"[{""desc"":""HEURES SUPPLEMENTAIRES DU MAGASINIER"",""unit"":""HEURES"",""qty"":20.0,""unit_price"":269.0,""tva_rate"":20.0},{""desc"":""MISE A DISPOSITION GRUE 70T"",""unit"":""JOUR"",""qty"":1.0,""unit_price"":19304.0,""tva_rate"":20.0}]",20,24684.0,4936.8,29620.8,true,true
facture,011/2026/AI,2026-01-01,b00daf69-db4b-4fe8-8721-9591d7df85bf,CHINA OVERSEAS ENGINEERING CORPORATION,001596313000044,"INARA, ROUTE 28 N°25, CALIFORNIE, 20150 CASABLANCA",Casablanca,false,"[{""desc"":""Travaux de terrassement et évacuation de déblai à ouvrage 1006- 0137-1006-0114-2800 : camion 8*4"",""unit"":""JOUR"",""qty"":356.0,""unit_price"":1600.0},{""desc"":""Travaux de pieux sur fondations à ouvrage 2571 : une GRUE MOBILE 25TN"",""unit"":""MOIS"",""qty"":1.0,""unit_price"":50000.0},{""desc"":""Travaux de pieux sur fondations à ouvrage 2571 : une GRUE MOBILE 25TN"",""unit"":""JOUR"",""qty"":0.5,""unit_price"":1924.0},{""desc"":""Travaux de Terrassement (terrassement-levage à Mohammedia Excavateur CAT 318"",""unit"":""MOIS"",""qty"":1.0,""unit_price"":43000.0},{""desc"":""Travaux de Terrassement (terrassement-levage à Mohammedia Excavateur CAT 318"",""unit"":""MOIS"",""qty"":1.0,""unit_price"":42000.0},{""desc"":""Travaux de Terrassement (terrassement-levage à Mohammedia Excavateur FIAT HITACHI"",""unit"":""MOIS"",""qty"":1.0,""unit_price"":42000.0},{""desc"":""Travaux de Terrassement (terrassement-levage à Mohammedia Excavateur FIAT HITACHI 1 dimanche"",""unit"":""JOUR"",""qty"":1.0,""unit_price"":1615.0},{""desc"":""Travaux de Terrassement (terrassement-levage à casa Excavateur sur Chenille CAT 320) 0137"",""unit"":""JOUR"",""qty"":1.0,""unit_price"":55000.0},{""desc"":""Travaux de Terrassement (terrassement-levage à casa Excavateur sur Chenille CAT 322) 0114"",""unit"":""MOIS"",""qty"":1.0,""unit_price"":55000.0},{""desc"":""Travaux de Terrassement (terrassement-levage à casa Excavateur sur Chenille CAT 322) 0066"",""unit"":""JOUR"",""qty"":23.0,""unit_price"":2115.0},{""desc"":""Travaux de Terrassement (terrassement-levage à casa Excavateur sur Chenille CAT 325) 2800"",""unit"":""MOIS"",""qty"":1.0,""unit_price"":60000.0},{""desc"":""Travaux de Terrassement (terrassement-levage à casa Excavateur sur Chenille CAT 322) 2000"",""unit"":""JOUR"",""qty"":17.0,""unit_price"":2115.0},{""desc"":""Travaux de Terrassement (terrassement-levage tractopelle JCB AVEC MARTEAU MOHAMEDIA )"",""unit"":""MOIS"",""qty"":1.0,""unit_price"":40000.0},{""desc"":""Travaux de Terrassement (terrassement-levage tractopelle JCB AVEC MARTEAU MOHAMEDIA )1 dimache"",""unit"":""JOUR"",""qty"":1.0,""unit_price"":1538.0},{""desc"":""Travaux de Terrassement (terrassement- ROSAGE à OUVRAGE MOHAMEDIA-CASA)CAMION CITERNE"",""unit"":""MOIS"",""qty"":1.0,""unit_price"":26000.0},{""desc"":""Travaux de Terrassement (terrassement- ROSAGE à OUVRAGE MOHAMEDIA-CASA)CAMION CITERNE 1 DIMANCHE"",""unit"":""JOUR"",""qty"":1.0,""unit_price"":1000.0},{""desc"":""Travaux de Terrassement (terrassement- ROSAGE à OUVRAGE MOHAMEDIA-CASA)CAMION CITERNE"",""unit"":""U"",""qty"":1.0,""unit_price"":26000.0},{""desc"":""Travaux de Terrassement (terrassement- levage à OUVRAGE MOHAMEDIA-CASA)CAMION GRUE"",""unit"":""U"",""qty"":8.0,""unit_price"":1923.0},{""desc"":""Travaux de TRANSPORTATION (Transportation PORTCHAR 100 TN )TRANSPORTATION DE MACHINE DE FORAGE DE MOHAMEDIA A casa ."",""unit"":""U"",""qty"":1.0,""unit_price"":6000.0},{""desc"":""Travaux de Terrassement (Transportation du avec un camion plateau BT4 ; MOHAMEDIA A 0713 ) 25/23 nov"",""unit"":""U"",""qty"":2.0,""unit_price"":1500.0},{""desc"":""Travaux de déviation de circulation Chariot élévateur 5TN 9 DEC / 26 DEC / 29 DEC"",""unit"":""U"",""qty"":3.0,""unit_price"":1300.0}]",20,1126599.0,225319.8,1351918.8,true,true
facture,015/2026/AI,2026-02-11,85aff188-c5db-4c7a-8c05-10c7fb9eda0d,ZHONGLI CONSTRUCTION,003069395000031,,Casablanca,false,"[{""desc"":""LOCATION JOURNALIERE DE 3 CAMIONS"",""unit"":""JOURS"",""qty"":65.0,""unit_price"":1700.0,""tva_rate"":20.0},{""desc"":""LOCATION DE 5 CAMIONS"",""unit"":""HEURES"",""qty"":49.0,""unit_price"":189.0,""tva_rate"":20.0}]",20,119761.0,23952.2,143713.2,true,true
facture,016/2026/AI,2026-02-12,c327769f-2f62-4a8b-876c-b3d2ebd79832,AFRICA GLOBAL LOGISTICS & SHIPPING MAROC,001527059000033,"43 BD KHALID IBNOU LOUALID, AIN SEBAA, CASABLANCA",Casablanca,false,"[{""desc"":""Transport d’un MAIN SHAFT (33000 kg) du Jbel Lahdid à Agreda"",""unit"":""FF"",""qty"":1.0,""unit_price"":171000.0,""tva_rate"":0.0},{""desc"":""Stationnement de Camion"",""unit"":""Jour"",""qty"":2.0,""unit_price"":2000.0,""tva_rate"":0.0}]",20,175000.0,0.0,175000.0,true,true
facture,017/2026/AI,2026-02-13,c327769f-2f62-4a8b-876c-b3d2ebd79832,AFRICA GLOBAL LOGISTICS & SHIPPING MAROC,001527059000033,"43 BD KHALID IBNOU LOUALID, AIN SEBAA, CASABLANCA",Casablanca,false,"[{""desc"":""Empotage/Dépotage de 4 Camions plateau sur le site de Safi"",""unit"":""MOIS"",""qty"":1.0,""unit_price"":34650.0,""tva_rate"":20.0},{""desc"":""MISE A DISPOSITION DE MAGASINIER"",""unit"":""MOIS"",""qty"":1.0,""unit_price"":7000.0,""tva_rate"":20.0}]",20,41650.0,8330.0,49980.0,true,true
facture,018/2026/AI,2026-02-01,b00daf69-db4b-4fe8-8721-9591d7df85bf,CHINA OVERSEAS ENGINEERING CORPORATION,001596313000044,"INARA, ROUTE 28 N°25, CALIFORNIE, 20150 CASABLANCA",Casablanca,false,"[{""desc"":""Travaux de terrassement et évacuation de déblai à ouvrage 1006-0137-1006-0114-2800 : camion 8*4"",""unit"":""JOUR"",""qty"":358.0,""unit_price"":1600.0},{""desc"":""Travaux de pieux sur fondations à ouvrage 2571 : GRUE MOBILE 25TN"",""unit"":""MOIS"",""qty"":1.0,""unit_price"":50000.0},{""desc"":""Travaux de pieux sur fondations à ouvrage 2571 : GRUE MOBILE 25TN heures supp"",""unit"":""JOUR"",""qty"":20.0,""unit_price"":213.0},{""desc"":""Travaux de pieux sur fondations à ouvrage 0137 : GRUE MOBILE 35TN"",""unit"":""MOIS"",""qty"":1.0,""unit_price"":60000.0},{""desc"":""Travaux de pieux sur fondations à ouvrage 0137 : GRUE MOBILE 35TN night shift 25%"",""unit"":""JOUR"",""qty"":24.0,""unit_price"":320.0},{""desc"":""Travaux de déviation de circulation Chariot élévateur 5TN"",""unit"":""JOUR"",""qty"":1.0,""unit_price"":1300.0},{""desc"":""Travaux de Terrassement (terrassement-levage à BOUSKOURA Excavateur CAT 318 2009"",""unit"":""JOUR"",""qty"":15.0,""unit_price"":1615.0},{""desc"":""Travaux de Terrassement (terrassement-levage à Mohammedia Excavateur CAT 318 26000"",""unit"":""MOIS"",""qty"":1.0,""unit_price"":42000.0},{""desc"":""Travaux de Terrassement (terrassement-levage à Mohammedia Excavateur CAT 318 1 DIMANCHE"",""unit"":""JOUR"",""qty"":1.0,""unit_price"":1615.0},{""desc"":""Travaux de Terrassement (terrassement-levage à Mohammedia Excavateur CAT 318 heures supp"",""unit"":""HEURE"",""qty"":20.0,""unit_price"":179.0},{""desc"":""Travaux de Terrassement (terrassement-levage à Mohammedia Excavateur FIAT HITACHI 2800"",""unit"":""MOIS"",""qty"":1.0,""unit_price"":42000.0},{""desc"":""Travaux de Terrassement (terrassement-levage à Mohammedia Excavateur FIAT HITACHI 1 dimanche"",""unit"":""JOUR"",""qty"":1.0,""unit_price"":1615.0},{""desc"":""Travaux de Terrassement (terrassement-levage à Mohammedia Excavateur FIAT HITACHI supp hours"",""unit"":""HEURE"",""qty"":15.0,""unit_price"":179.0},{""desc"":""Travaux de Terrassement (terrassement-levage à casa Excavateur sur Chenille CAT 320) 2600"",""unit"":""JOUR"",""qty"":16.0,""unit_price"":2115.0},{""desc"":""Travaux de Terrassement (terrassement-levage à casa Excavateur sur Chenille CAT 320) 2000"",""unit"":""JOUR"",""qty"":17.0,""unit_price"":2115.0},{""desc"":""Travaux de Terrassement (terrassement-levage à casa Excavateur sur Chenille CAT 320) 0066"",""unit"":""JOUR"",""qty"":4.0,""unit_price"":2115.0},{""desc"":""Travaux de Terrassement (terrassement-levage à casa Excavateur sur Chenille CAT 322) 0137"",""unit"":""JOUR"",""qty"":19.0,""unit_price"":2115.0},{""desc"":""Travaux de Terrassement (terrassement-levage à casa Excavateur sur Chenille CAT 325) 0066"",""unit"":""JOUR"",""qty"":14.0,""unit_price"":2300.0},{""desc"":""Travaux de Terrassement (terrassement- ROSAGE à OUVRAGE MOHAMEDIA-CASA) CAMION CITERNE"",""unit"":""MOIS"",""qty"":1.0,""unit_price"":26000.0},{""desc"":""Travaux de Terrassement (terrassement- TRANSPORTATION MOHAMEDIA-CASA) CAMION GRUE"",""unit"":""JOUR"",""qty"":1.0,""unit_price"":50000.0},{""desc"":""Travaux de Terrassement (terrassement- ROSAGE à OUVRAGE MOHAMEDIA-CASA) CAMION CITERNE"",""unit"":""M"",""qty"":1.0,""unit_price"":26000.0},{""desc"":""Travaux de Terrassement (terrassement-levage tractopelle JCB AVEC MARTEAU MOHAMEDIA)"",""unit"":""MOIS"",""qty"":1.0,""unit_price"":40000.0},{""desc"":""Travaux de Terrassement (terrassement-levage tractopelle JCB AVEC MARTEAU MOHAMEDIA)"",""unit"":""JOUR"",""qty"":2.0,""unit_price"":1538.0},{""desc"":""Travaux de Terrassement (terrassement-levage tractopelle JCB AVEC MARTEAU MOHAMEDIA) heures supp"",""unit"":""HEURE"",""qty"":26.0,""unit_price"":170.0},{""desc"":""Travaux de Terrassement (Transportation du avec un camion plateau BT4 24/26 JANV"",""unit"":""U"",""qty"":2.0,""unit_price"":1500.0}]",20,1116896.0,223379.2,1340275.2,true,true
facture,019/2026/AI,2026-02-23,c327769f-2f62-4a8b-876c-b3d2ebd79832,AFRICA GLOBAL LOGISTICS & SHIPPING MAROC,001527059000033,"43 BD KHALID IBNOU LOUALID, AIN SEBAA, CASABLANCA",Casablanca,false,"[{""desc"":""Démobilisation de Clarck"",""unit"":""PIECES"",""qty"":1,""unit_price"":2000,""tva_rate"":20},{""desc"":""Cales"",""unit"":""PIECES"",""qty"":20,""unit_price"":100,""tva_rate"":20}]",20,4000.0,800.0,4800.0,true,true
facture,021/2026/AI,2026-02-26,a03d5a5e-f0f0-4363-9f01-c7c55c1f67af,GOTION POWER MOROCCO,003520699000060,,Casablanca,false,"[{""desc"":""LOCATION JOURNALIERE D’UNE GRUE MOBILE 160T"",""unit"":""JOURS"",""qty"":4.0,""unit_price"":17000.0,""tva_rate"":0.0},{""desc"":""MOB/DEMOB GRUE MOBILE 160T"",""unit"":""ALLER-RETOUR"",""qty"":1.0,""unit_price"":20000.0,""tva_rate"":0.0},{""desc"":""LOCATION JOURNALIERE D’UNE GRUE 200T"",""unit"":""JOURS"",""qty"":5.0,""unit_price"":20000.0,""tva_rate"":0.0},{""desc"":""MOB/DEMOB GRUE MOBILE 200T"",""unit"":""ALLER-RETOUR"",""qty"":1.0,""unit_price"":23000.0,""tva_rate"":0.0},{""desc"":""LOCATION JOURNALIERE D’UN PORTE-CHAR"",""unit"":""JOURS"",""qty"":5.0,""unit_price"":5000.0,""tva_rate"":0.0}]",20,236000.0,0.0,236000.0,true,true
facture,022/2026/AI,2026-03-06,85aff188-c5db-4c7a-8c05-10c7fb9eda0d,ZHONGLI CONSTRUCTION,003069395000031,,Casablanca,false,"[{""desc"":""LOCATION JOURNALIERE DE 5 CAMIONS"",""unit"":""JOURS"",""qty"":46.0,""unit_price"":1700.0,""tva_rate"":20.0},{""desc"":""LOCATION DE 5 CAMIONS"",""unit"":""HEURES"",""qty"":20.0,""unit_price"":189.0,""tva_rate"":20.0}]",20,81980.0,16396.0,98376.0,true,true
facture,023/2026/AI,2026-03-09,c327769f-2f62-4a8b-876c-b3d2ebd79832,AFRICA GLOBAL LOGISTICS & SHIPPING MAROC,001527059000033,"43 BD KHALID IBNOU LOUALID, AIN SEBAA, CASABLANCA",Casablanca,false,"[{""desc"":""ROUND TRIP AGREDA-BOUJDOUR (MAIN SHAFT REF 10185475) BOUJDOUR-SEGUERO (MAIN SHAFT REF JL2106)"",""unit"":""FF"",""qty"":1.0,""unit_price"":260000.0,""tva_rate"":0.0},{""desc"":""EXTRA COST (UNLOADING /LOADING AND TRUCKING)"",""unit"":""UN"",""qty"":1.0,""unit_price"":60000.0,""tva_rate"":0.0},{""desc"":""TRUCK DETENTION"",""unit"":""DAY"",""qty"":1.0,""unit_price"":2000.0,""tva_rate"":0.0}]",20,322000.0,0.0,322000.0,true,true
facture,023/2026/AI/BIS,2026-03-11,,WORLDWIDE LOGISTICS MOROCCO SHIPPING SERVICE,,,Casablanca,false,"[{""desc"":""CUSTOMS CLEARANCE"",""unit"":""Un"",""qty"":1.0,""unit_price"":4198.5,""tva_rate"":20.0},{""desc"":""TRANSPORTATION CASABLANCA/TANGER"",""unit"":""Un"",""qty"":1.0,""unit_price"":16327.5,""tva_rate"":20.0},{""desc"":""HANDLING: -Loading onto the truck and moving to the storage area. -Discharging in the storage area. -Loading onto the final truck for transportation."",""unit"":""Un"",""qty"":1.0,""unit_price"":3265.5,""tva_rate"":20.0},{""desc"":""TRUCK DETENTION"",""unit"":""Un"",""qty"":1.0,""unit_price"":2000.0,""tva_rate"":20.0},{""desc"":""STORAGE"",""unit"":""Un"",""qty"":1.0,""unit_price"":4209.82,""tva_rate"":0.0},{""desc"":""THC"",""unit"":""Un"",""qty"":1.0,""unit_price"":4104.76,""tva_rate"":0.0}]",20,34106.08,5158.3,39264.38,true,true
facture,024/2026/AI,2026-03-09,c327769f-2f62-4a8b-876c-b3d2ebd79832,AFRICA GLOBAL LOGISTICS & SHIPPING MAROC,001527059000033,"43 BD KHALID IBNOU LOUALID, AIN SEBAA, CASABLANCA",Casablanca,false,"[{""desc"":""Round Trip Boujdour-Seguero (Main Shaft Ref Jl2101239) Ambressa-Boujdour (Gear Box Ref 100436991)"",""unit"":""FF"",""qty"":1.0,""unit_price"":260000.0,""tva_rate"":0.0},{""desc"":""Extra Cost (Unloading /Loading And Trucking)"",""unit"":""FF"",""qty"":1.0,""unit_price"":51000.0,""tva_rate"":0.0}]",20,311000.0,0.0,311000.0,true,true
facture,024/2026/AI/BIS,2026-03-12,eb1a5074-7013-4480-a4ca-10521642363a,CHINA CONSTRUCTION YANGTZE MAROC,002086799000041,,Casablanca,false,"[{""desc"":""LOCATION MENSUELLE GRUE MOBILE 80T"",""unit"":""MOIS"",""qty"":1.0,""unit_price"":145000.0,""tva_rate"":20.0},{""desc"":""MOBILISATION GRUE 80T"",""unit"":""ALLER-RETOUR"",""qty"":2.0,""unit_price"":8000.0,""tva_rate"":20.0},{""desc"":""LOCATION MENSUELLE NACELLE 26M"",""unit"":""MOIS"",""qty"":1.0,""unit_price"":34000.0,""tva_rate"":20.0},{""desc"":""MOBILISATION NACELLE 26M"",""unit"":""ALLER-RETOUR"",""qty"":2.0,""unit_price"":4500.0,""tva_rate"":20.0}]",20,204000.0,40800.0,244800.0,true,true
facture,025/2026/AI,2026-03-13,b0dede0c-950d-42a9-b6bb-d33db55420dd,MINGDIAN INTERNATIONAL,003389053000034,,Casablanca,false,"[{""desc"":""CHARIOT ELEVATEUR 5T"",""unit"":""JOUR"",""qty"":60.0,""unit_price"":1000.0},{""desc"":""PELLE SUR PNEUS AVEC MARTEAU"",""unit"":""JOUR"",""qty"":31.0,""unit_price"":2000.0},{""desc"":""FRAIS MOBILISATION PELLE SUR PNEUS 1 ENTRER 1 SORTIE"",""unit"":""FF"",""qty"":2.0,""unit_price"":2000.0}]",20,126000.0,25200.0,151200.0,true,true
facture,026/2026/AI,2026-03-16,dd9ab0ba-23f0-480e-8c7a-c620a4675950,PLANET COM TRANS,001868774000077,,Casablanca,false,"[{""desc"":""LOCATION JOURNALIERE GRUE 50T"",""unit"":""JOUR"",""qty"":3.0,""unit_price"":7000.0,""tva_rate"":20.0},{""desc"":""MOBILISATION"",""unit"":""Aller-retour"",""qty"":2.0,""unit_price"":4500.0,""tva_rate"":20.0}]",20,30000.0,6000.0,36000.0,true,true
facture,027/2026/AI,2026-03-12,c327769f-2f62-4a8b-876c-b3d2ebd79832,AFRICA GLOBAL LOGISTICS & SHIPPING MAROC,001527059000033,"43 BD KHALID IBNOU LOUALID, AIN SEBAA, CASABLANCA",Casablanca,false,"[{""desc"":""ROUND TRIP AGREDA-BOUJDOUR (MAIN SHAFT REF 10185472) BOUJDOUR-SEGUERO (MAIN SHAFT REF JL2102222-1-41)"",""unit"":""FF"",""qty"":1.0,""unit_price"":260000.0,""tva_rate"":0.0},{""desc"":""TRUCK DETENTION"",""unit"":""DAY"",""qty"":2.0,""unit_price"":2000.0,""tva_rate"":0.0}]",20,264000.0,0.0,264000.0,true,true
facture,028/2026/AI,2026-03-12,c327769f-2f62-4a8b-876c-b3d2ebd79832,AFRICA GLOBAL LOGISTICS & SHIPPING MAROC,001527059000033,"43 BD KHALID IBNOU LOUALID, AIN SEBAA, CASABLANCA",Casablanca,false,"[{""desc"":""ROUND TRIP AGREDA-BOUJDOUR (MAIN SHAFT REF 10179310) BOUJDOUR-SEGUERO (MAIN SHAFT REF JL2102199-2-34)"",""unit"":""FF"",""qty"":1.0,""unit_price"":260000.0,""tva_rate"":0.0},{""desc"":""TRUCK DETENTION"",""unit"":""DAY"",""qty"":2.0,""unit_price"":2000.0,""tva_rate"":0.0}]",20,264000.0,0.0,264000.0,true,true
facture,029/2026/AI/BIS,2026-03-19,b0dede0c-950d-42a9-b6bb-d33db55420dd,MINGDIAN INTERNATIONAL,003389053000034,,Casablanca,false,"[{""desc"":""NIVELEUSE"",""unit"":""JOUR"",""qty"":25.5,""unit_price"":2300.0},{""desc"":""NIVELEUSE"",""unit"":""H"",""qty"":3.0,""unit_price"":255.55},{""desc"":""CHARGEUSE 950G"",""unit"":""JOUR"",""qty"":3.0,""unit_price"":2300.0},{""desc"":""CHARGEUSE 950H"",""unit"":""JOUR"",""qty"":1.5,""unit_price"":2500.0},{""desc"":""CAMION GRUE (MOBILISATION CITERNE GASOIL)"",""unit"":""FF"",""qty"":1.0,""unit_price"":8000.0},{""desc"":""进出场费 Frais d'entrée et de sortie (Entrée Chargeuse 950 G)"",""unit"":""次 Fois"",""qty"":1.0,""unit_price"":2000.0}]",20,80066.65,16013.33,96079.98,true,true
facture,029/2026/AI,2026-04-18,b00daf69-db4b-4fe8-8721-9591d7df85bf,CHINA OVERSEAS ENGINEERING CORPORATION,001596313000044,"INARA, ROUTE 28 N°25, CALIFORNIE, 20150 CASABLANCA",Casablanca,false,"[{""desc"":""Travaux de terrassement et évacuation de déblai à ouvrage CASA / MOHAMEDIA / BOUSKOURA : camion 8*4"",""unit"":""JOUR"",""qty"":144.0,""unit_price"":1600.0},{""desc"":""Travaux de pieux sur fondations à ouvrage 2571 : GRUE MOBILE 25TN"",""unit"":""JOUR"",""qty"":12.0,""unit_price"":1923.0},{""desc"":""Travaux de pieux sur fondations à ouvrage 2800 : GRUE MOBILE 40TN"",""unit"":""JOUR"",""qty"":13.0,""unit_price"":2615.0},{""desc"":""Travaux de pieux sur fondations à ouvrage 0137 : GRUE MOBILE 35TN"",""unit"":""MOIS"",""qty"":1.0,""unit_price"":60000.0},{""desc"":""Travaux de Terrassement (terrassement-levage à BOUSKOURA Excavateur CAT 318 2009"",""unit"":""MOIS"",""qty"":1.0,""unit_price"":42000.0},{""desc"":""Travaux de Terrassement (terrassement-levage à Mohammedia Excavateur CAT 318 26000"",""unit"":""MOIS"",""qty"":1.0,""unit_price"":42000.0},{""desc"":""Travaux de Terrassement (terrassement-levage à Mohammedia Excavateur CAT 318 26000"",""unit"":""MOIS"",""qty"":1.0,""unit_price"":42000.0},{""desc"":""Travaux de Terrassement (terrassement-levage à Mohammedia Excavateur FIAT HITACHI 2800"",""unit"":""MOIS"",""qty"":1.0,""unit_price"":42000.0},{""desc"":""Travaux de Terrassement (terrassement-levage à Mohammedia Excavateur FIAT HITACHI 2800"",""unit"":""JOUR"",""qty"":3.0,""unit_price"":1615.0},{""desc"":""Travaux de Terrassement (terrassement- ROSAGE à OUVRAGE MOHAMEDIA-CASA) CAMION CITERNE"",""unit"":""MOIS"",""qty"":1.0,""unit_price"":26000.0},{""desc"":""Travaux de Terrassement (terrassement- ROSAGE à OUVRAGE MOHAMEDIA-CASA) CAMION CITERNE"",""unit"":""MOIS"",""qty"":1.0,""unit_price"":26000.0},{""desc"":""Travaux de Terrassement (terrassement- ROSAGE à OUVRAGE MOHAMEDIA-CASA) CAMION CITERNE 1"",""unit"":""U"",""qty"":1.0,""unit_price"":1000.0},{""desc"":""Travaux de Terrassement (terrassement- TRANSPORTATION MOHAMEDIA-CASA) CAMION GRUE"",""unit"":""MOIS"",""qty"":1.0,""unit_price"":50000.0},{""desc"":""Travaux de Terrassement (terrassement- TRANSPORTATION MOHAMEDIA-CASA) CAMION GRUE"",""unit"":""JOUR"",""qty"":1.0,""unit_price"":1923.0},{""desc"":""Travaux de Terrassement (terrassement-levage tractopelle JCB AVEC MARTEAU MOHAMEDIA)"",""unit"":""MOIS"",""qty"":1.0,""unit_price"":40000.0},{""desc"":""Travaux de Terrassement (terrassement-levage tractopelle JCB AVEC MARTEAU MOHAMEDIA) 1 dimachne"",""unit"":""JOUR"",""qty"":1.0,""unit_price"":1538.0},{""desc"":""Travaux de Terrassement (terrassement-levage tractopelle JCB AVEC MARTEAU MOHAMEDIA) heure supp"",""unit"":""HEURE"",""qty"":18.0,""unit_price"":170.0},{""desc"":""Travaux de Terrassement (terrassement-levage tractopelle JCB ) MOHAMEDIA"",""unit"":""jour"",""qty"":16.0,""unit_price"":1300.0},{""desc"":""Travaux de Terrassement (Transportation du avec un PORTCHAR 100 TN MACHINE DE FORAGE"",""unit"":""U"",""qty"":1.0,""unit_price"":6000.0},{""desc"":""Travaux de Terrassement (Transportation du avec un PORTCHAR ET CAMION PLATEAU"",""unit"":""U"",""qty"":7.0,""unit_price"":1500.0},{""desc"":""Travaux de déviation de circulation Chariot élévateur 5TN"",""unit"":""U"",""qty"":2.0,""unit_price"":1300.0}]",20,709737.0,141947.4,851684.4,true,true
facture,030/2026/AI/BIS,2026-03-19,b0dede0c-950d-42a9-b6bb-d33db55420dd,MINGDIAN INTERNATIONAL,003389053000034,,Casablanca,false,"[{""desc"":""NIVELEUSE"",""unit"":""JOUR"",""qty"":12.5,""unit_price"":2300.0},{""desc"":""CHARGEUSE 950G"",""unit"":""JOUR"",""qty"":9.0,""unit_price"":2300.0},{""desc"":""CHARGEUSE 950H"",""unit"":""JOUR"",""qty"":22.0,""unit_price"":2500.0},{""desc"":""CHARGEUSE 950 H"",""unit"":""H"",""qty"":20.0,""unit_price"":277.77},{""desc"":""PELLE SUR CHENILLES"",""unit"":""JOUR"",""qty"":19.5,""unit_price"":2000.0},{""desc"":""PELLE SUR CHENILLES"",""unit"":""H"",""qty"":12.0,""unit_price"":222.22},{""desc"":""进出场费 Frais d'entrée et de sortie (Sortie Chargeuse 950 G) (Entrée pelle sur chenilles 1)"",""unit"":""次 Fois"",""qty"":2.0,""unit_price"":2000.0}]",20,155672.04,31134.408,186806.448,true,true
facture,030/2026/AI,2026-05-09,b00daf69-db4b-4fe8-8721-9591d7df85bf,CHINA OVERSEAS ENGINEERING CORPORATION,001596313000044,"INARA, ROUTE 28 N°25, CALIFORNIE, 20150 CASABLANCA",Casablanca,false,"[{""desc"":""Locatio des camion d'évacuation de déblai à ouvrage CASA"",""unit"":""JOUR"",""qty"":294.0,""unit_price"":1600.0},{""desc"":""Locatio des camion d'évacuation de déblai à ouvrage CASA"",""unit"":""HEURE"",""qty"":16.0,""unit_price"":177.0},{""desc"":""Locatio des camion d'évacuation de déblai à ouvrage CASA"",""unit"":""JOUR"",""qty"":39.0,""unit_price"":1700.0},{""desc"":""Location dune GRUE MOBILE 40TN ouvrage 2800"",""unit"":""MOIS"",""qty"":1.0,""unit_price"":68000.0},{""desc"":""Location dune GRUE MOBILE 35 TN ouvrage 0137"",""unit"":""JOUR"",""qty"":24.0,""unit_price"":2307.0},{""desc"":""Location chargeuse a la base de vie"",""unit"":""JOUR"",""qty"":3.0,""unit_price"":2300.0},{""desc"":""Location Excavateur sur pneu CAT 318 2009"",""unit"":""JOUR"",""qty"":22.0,""unit_price"":1615.0},{""desc"":""Location Excavateur sur pneu FIAT HITACHI 2800"",""unit"":""JOUR"",""qty"":18.0,""unit_price"":1615.0},{""desc"":""Location Excavateur sur pneu FIAT HITACHI 2682"",""unit"":""JOUR"",""qty"":24.0,""unit_price"":1615.0},{""desc"":""Location Excavateur sur CHENILLE CAT 322 2700 CASA"",""unit"":""JOUR"",""qty"":3.0,""unit_price"":2076.0},{""desc"":""Location Excavateur sur CHENILLE VOLVO 2700 CASA"",""unit"":""JOUR"",""qty"":3.0,""unit_price"":2076.0},{""desc"":""Location Excavateur sur CHENILLE VOLVO 2700 CASA"",""unit"":""HEURE"",""qty"":6.0,""unit_price"":230.0},{""desc"":""Location Excavateur sur CHENILLE CAT 325 2700 CASA"",""unit"":""JOUR"",""qty"":5.0,""unit_price"":2076.0},{""desc"":""Location CAMION CITERNE ( CASABLANCA )"",""unit"":""JOUR"",""qty"":21.0,""unit_price"":1000.0},{""desc"":""Location CAMION CITERNE ( MOHAMEDIA )"",""unit"":""JOUR"",""qty"":12.0,""unit_price"":1000.0},{""desc"":""Location CAMION CITERNE ( MOHAMEDIA ) 1"",""unit"":""HEURE"",""qty"":5.0,""unit_price"":111.0},{""desc"":""Location camion grue"",""unit"":""JOUR"",""qty"":22.0,""unit_price"":1923.0},{""desc"":""Location camion grue ( HEURE SUPP )"",""unit"":""HEURE"",""qty"":4.0,""unit_price"":213.0},{""desc"":""Location JCB AVEC MATREAU( MOHAMEDIA )"",""unit"":""JOUR"",""qty"":23.0,""unit_price"":1538.0},{""desc"":""Location JCB AVEC MATREAU ( MOHAMEDIA )"",""unit"":""HEURE"",""qty"":8.0,""unit_price"":170.0},{""desc"":""Location JCB AVEC GODGET( MOHAMEDIA )"",""unit"":""JOUR"",""qty"":13.0,""unit_price"":1300.0},{""desc"":""Travaux de déviation de circulation Chariot élévateur 5TN"",""unit"":""U"",""qty"":5.0,""unit_price"":1300.0}]",20,934223.0,186844.6,1121067.6,true,true
facture,031/2026/AI,2026-03-19,b0dede0c-950d-42a9-b6bb-d33db55420dd,MINGDIAN INTERNATIONAL,003389053000034,,Casablanca,false,"[{""desc"":""NIVELEUSE"",""unit"":""JOUR"",""qty"":3.0,""unit_price"":2300.0},{""desc"":""CHARGEUSE 950 H"",""unit"":""JOUR"",""qty"":14.0,""unit_price"":2500.0},{""desc"":""CHARGEUSE 950 H"",""unit"":""H"",""qty"":4.0,""unit_price"":277.77},{""desc"":""PELLE SUR CHENILLES"",""unit"":""JOUR"",""qty"":19.0,""unit_price"":2000.0},{""desc"":""PELLE SUR CHENILLES"",""unit"":""HEURES"",""qty"":5.0,""unit_price"":222.22},{""desc"":""CAMION 8*4"",""unit"":""JOUR"",""qty"":3.0,""unit_price"":1700.0},{""desc"":""进出场费 Frais d'entrée et de sortie (Sortie NIVELEUSE)"",""unit"":""次 Fois"",""qty"":1.0,""unit_price"":2000.0}]",20,89222.18,17844.43,107066.616,true,true
facture,032/2026/AI,2026-03-27,85aff188-c5db-4c7a-8c05-10c7fb9eda0d,ZHONGLI CONSTRUCTION,003069395000031,,Casablanca,false,"[{""desc"":""LOCATION JOURNALIERE DE 5 CAMIONS"",""unit"":""JOURS"",""qty"":46.0,""unit_price"":1700.0,""tva_rate"":20.0}]",20,78200.0,15640.0,93840.0,true,true
facture,033/2026/AI,2026-04-02,b0dede0c-950d-42a9-b6bb-d33db55420dd,MINGDIAN INTERNATIONAL,003389053000034,,Casablanca,false,"[{""desc"":""NIVELEUSE"",""unit"":""JOUR"",""qty"":2.0,""unit_price"":2300.0},{""desc"":""CHARGEUSE 950H"",""unit"":""JOUR"",""qty"":23.0,""unit_price"":2300.0},{""desc"":""CHARGEUSE 950H"",""unit"":""HEURS"",""qty"":14.0,""unit_price"":255.55},{""desc"":""PELLE SUR CHENILLES *2"",""unit"":""JOURS"",""qty"":51.0,""unit_price"":2000.0},{""desc"":""PELLE SUR CHENILLES *2"",""unit"":""HEURS"",""qty"":2.0,""unit_price"":222.22},{""desc"":""CAMION 8*4 *3"",""unit"":""JOURS"",""qty"":33.5,""unit_price"":1700.0},{""desc"":""CAMION 8*4"",""unit"":""HEURS"",""qty"":7.0,""unit_price"":188.88},{""desc"":""进出场费 Frais d'entrée et de sortie (Entrée PELLE VOLVO) (Sortie NIVELEUSE)"",""unit"":""次 Fois"",""qty"":2.0,""unit_price"":2000.0}]",20,225794.3,45158.86,270953.16,true,true
facture,034/2026/AI,2026-04-20,c327769f-2f62-4a8b-876c-b3d2ebd79832,AFRICA GLOBAL LOGISTICS & SHIPPING MAROC,001527059000033,"43 BD KHALID IBNOU LOUALID, AIN SEBAA, CASABLANCA",Casablanca,false,"[{""desc"":""Stockage à l'entrepôt"",""unit"":""JOURS"",""qty"":10,""unit_price"":50,""tva_rate"":20},{""desc"":""Calage et transfert marchandise vers site"",""unit"":""CAMION"",""qty"":1,""unit_price"":6400,""tva_rate"":20}]",20,6900.0,1380.0,8280.0,true,true
facture,035/2026/AI,2024-03-19,19b6ba50-60e9-46c1-9e02-3fe702889d98,OVERSEAS LIFTING,003654969000048,,Casablanca,false,"[{""desc"":""Chariot Elevateur 3TN"",""unit"":""U"",""qty"":1.0,""unit_price"":12500.0,""tva_rate"":20.0}]",20,12500.0,2500.0,15000.0,true,true
facture,036/2026/AI,2026-05-04,7aa95b57-b755-4a60-8d08-5f7e821abdaf,TG NORTH AFRICA SARL,003844653000083,,Casablanca,false,"[{""desc"":""Acompte de 40 % sur les travaux de manutention"",""unit"":""U"",""qty"":1.0,""unit_price"":32560.0,""tva_rate"":20.0}]",20,32560.0,6512.0,39072.0,true,true
facture,037/2026/AI,2026-05-05,c327769f-2f62-4a8b-876c-b3d2ebd79832,AFRICA GLOBAL LOGISTICS & SHIPPING MAROC,001527059000033,"43 BD KHALID IBNOU LOUALID, AIN SEBAA, CASABLANCA",Casablanca,false,"[{""desc"":""MOBILISATION D’UN MAIN SHAFT AGREDA – BOUJDOUR (Réf : 10190208)"",""unit"":""FF"",""qty"":1.0,""unit_price"":168000.0,""tva_rate"":0.0},{""desc"":""IMMOBILISATION DU CAMION"",""unit"":""JOUR"",""qty"":2.0,""unit_price"":2000.0,""tva_rate"":0.0},{""desc"":""SURCHARGE CARBURANT"",""unit"":""U"",""qty"":1.0,""unit_price"":19000.0,""tva_rate"":0.0}]",20,191000.0,0.0,191000.0,true,true
facture,038/2026/AI,2026-05-05,c327769f-2f62-4a8b-876c-b3d2ebd79832,AFRICA GLOBAL LOGISTICS & SHIPPING MAROC,001527059000033,"43 BD KHALID IBNOU LOUALID, AIN SEBAA, CASABLANCA",Casablanca,false,"[{""desc"":""MOBILISATION D’UN MAIN SHAFT BOUJDOUR – SIGUERO (Réf : 35624177)"",""unit"":""FF"",""qty"":1.0,""unit_price"":171000.0,""tva_rate"":0.0},{""desc"":""SURCHARGE CARBURANT"",""unit"":""U"",""qty"":1.0,""unit_price"":19000.0,""tva_rate"":0.0}]",20,190000.0,0.0,190000.0,true,true
facture,039/2026/AI,2026-05-06,b00daf69-db4b-4fe8-8721-9591d7df85bf,CHINA OVERSEAS ENGINEERING CORPORATION,001596313000044,"INARA, ROUTE 28 N°25, CALIFORNIE, 20150 CASABLANCA",Casablanca,false,"[{""desc"":""NACELLE CISEAUX 8M 1"",""unit"":""JOUR"",""qty"":12.0,""unit_price"":500.0},{""desc"":""NACELLE CISEAUX 8M 2"",""unit"":""JOUR"",""qty"":8.0,""unit_price"":500.0},{""desc"":""NACELLE CISEAUX 8M 3"",""unit"":""JOUR"",""qty"":9.0,""unit_price"":500.0},{""desc"":""MOBILISATION DE DEUX NACELLE CISEAUX 8M"",""unit"":""Aller"",""qty"":3.0,""unit_price"":1500.0},{""desc"":""NACELLE ELEVATRICE ARTICULEE 18M"",""unit"":""JOUR"",""qty"":1.0,""unit_price"":850.0},{""desc"":""MOBILISATION D’UNE NACELLE 18M"",""unit"":""Aller"",""qty"":1.0,""unit_price"":5500.0},{""desc"":""CHARIOT ELEVATEUR 3T 1"",""unit"":""JOUR"",""qty"":13.0,""unit_price"":769.23},{""desc"":""CHARIOT ELEVATEUR 3T 2"",""unit"":""JOUR"",""qty"":8.0,""unit_price"":769.23},{""desc"":""MOBILISATION DE DEUX CHARIOT ELEVATEUR 3T"",""unit"":""Aller"",""qty"":2.0,""unit_price"":2000.0}]",20,45503.83,9100.76,54604.59,true,true
facture,041/2026/AI,2026-05-11,c327769f-2f62-4a8b-876c-b3d2ebd79832,AFRICA GLOBAL LOGISTICS & SHIPPING MAROC,001527059000033,"43 BD KHALID IBNOU LOUALID, AIN SEBAA, CASABLANCA",Casablanca,false,"[{""desc"":""Transport D’UNE MAIN CHAFT AGREDA – BOUJDOUR N serie : 10190203"",""unit"":""FF"",""qty"":1.0,""unit_price"":168000.0,""tva_rate"":0.0},{""desc"":""SURCHARGE CARBURANT"",""unit"":""U"",""qty"":1.0,""unit_price"":19000.0,""tva_rate"":0.0},{""desc"":""MOBILISATION DE CAMION"",""unit"":""JOUR"",""qty"":3.0,""unit_price"":2000.0,""tva_rate"":0.0}]",20,193000.0,0.0,193000.0,true,true
facture,042/2026/AI,2026-05-11,c327769f-2f62-4a8b-876c-b3d2ebd79832,AFRICA GLOBAL LOGISTICS & SHIPPING MAROC,001527059000033,"43 BD KHALID IBNOU LOUALID, AIN SEBAA, CASABLANCA",Casablanca,false,"[{""desc"":""Transport D’UNE MAIN CHAFT AGREDA – BOUJDOUR N serie : 10190206"",""unit"":""FF"",""qty"":1.0,""unit_price"":168000.0,""tva_rate"":0.0},{""desc"":""SURCHARGE CARBURANT"",""unit"":""U"",""qty"":1.0,""unit_price"":19000.0,""tva_rate"":0.0},{""desc"":""MOBILISATION DE CAMION"",""unit"":""JOUR"",""qty"":4.0,""unit_price"":2000.0,""tva_rate"":0.0}]",20,195000.0,0.0,195000.0,true,true
facture,043/2026/AI/BIS,2026-05-12,b0dede0c-950d-42a9-b6bb-d33db55420dd,MINGDIAN INTERNATIONAL,003389053000034,,Casablanca,false,"[{""desc"":""CHARGEUSE 950H"",""unit"":""JOUR"",""qty"":21.5,""unit_price"":2300.0},{""desc"":""CHARGEUSE 950H"",""unit"":""HEURES"",""qty"":5.5,""unit_price"":255.55},{""desc"":""PELLE SUR CHENILLES 320C"",""unit"":""JOURS"",""qty"":11.0,""unit_price"":2000.0},{""desc"":""PELLE SUR CHENILLES 320C"",""unit"":""HEURES"",""qty"":2.5,""unit_price"":222.22},{""desc"":""PELLE SUR CHENILLES VOLVO"",""unit"":""JOURS"",""qty"":2.0,""unit_price"":2000.0},{""desc"":""CHARIOT ELEVATEUR TELESCOPIQUE"",""unit"":""JOURS"",""qty"":20.5,""unit_price"":1300.0},{""desc"":""CHARIOT ELEVATEUR TELESCOPIQUE"",""unit"":""HEURES"",""qty"":11.0,""unit_price"":144.44},{""desc"":""进出场费 Frais d'entrée et de sortie (Sortie Pelle Volvo) (Sortie pelle 320c)"",""unit"":""次 Fois"",""qty"":2.0,""unit_price"":2000.0},{""desc"":""进出场费 Frais d'entrée et de sortie (Entrée chariot télescopique)"",""unit"":""次 Fois"",""qty"":1.0,""unit_price"":2500.0}]",20,112149.91,22429.98,134579.89,true,true
facture,043/2026/AI,2026-05-11,161dd454-19c0-4ade-b592-cae59cf3b0e2,MINGLAI,003797353000081,,Casablanca,false,"[{""desc"":""location Grue 100 TN"",""unit"":""JOUR"",""qty"":12.0,""unit_price"":4615.0},{""desc"":""Mobilisation de la grue"",""unit"":""u"",""qty"":1.0,""unit_price"":20000.0}]",20,75380.0,15076.0,90456.0,true,true
facture,044/2026/AI,2026-05-12,b0dede0c-950d-42a9-b6bb-d33db55420dd,MINGDIAN INTERNATIONAL,003389053000034,,Casablanca,false,"[{""desc"":""VENTE D’UNE CITERNE DE GASOIL CYLINDRIQUE HORIZONTALE AVEC POMPE INTEGREE N°De série:M-787/24 Capacité :30 000L POIDS : 2900KG"",""unit"":""次 Fois"",""qty"":1.0,""unit_price"":120000.0}]",20,120000.0,24000.0,144000.0,true,true
facture,045/2026/AI,2026-05-13,7aa95b57-b755-4a60-8d08-5f7e821abdaf,TG NORTH AFRICA SARL,003844653000083,,Casablanca,false,"[{""desc"":""Forfait journalier pour mise à disposition d’équipements de manutention (chariots élévateurs (5 tonnes et 12 tonnes, télescopique, transpalettes, manutentionnaire x2 et outillage), incluant conducteur et gasoil. Mobilisation et démobilisation inclus"",""unit"":""JOURS"",""qty"":4.0,""unit_price"":15600.0,""tva_rate"":20.0},{""desc"":""Assurance marchandise – plafond : 1 000 000 DH / conteneur"",""unit"":""U"",""qty"":1.0,""unit_price"":19000.0,""tva_rate"":20.0}]",20,81400.0,16280.0,97680.0,true,true
facture,046/2026/AI,2026-04-25,885844e5-ff53-40d4-aa37-822ad3753375,CROMAT MATERIAUX,003884477000080,"GROUPE ATTAKADDOUM GH2-17, 2EME ETG, SIDI BERNOUSSI",Casablanca,false,"[{""desc"":""HDPE-DN200"",""unit"":""ml"",""qty"":20.0,""unit_price"":161.68},{""desc"":""HDPE-DN250"",""unit"":""ml"",""qty"":21.0,""unit_price"":250.98},{""desc"":""HDPE-DN300"",""unit"":""ml"",""qty"":20.0,""unit_price"":370.36},{""desc"":""PVC-U-DN100"",""unit"":""ml"",""qty"":20.0,""unit_price"":23.5},{""desc"":""PVC-U-DN150"",""unit"":""ml"",""qty"":24.0,""unit_price"":46.06},{""desc"":""PVC-U-DN75"",""unit"":""ml"",""qty"":10.0,""unit_price"":13.63},{""desc"":""DN250 HDPE connector MANCHON ELECTRO"",""unit"":""piece"",""qty"":90.0,""unit_price"":532.04},{""desc"":""DN300 HDPE connector MANCHON ELECTRO"",""unit"":""piece"",""qty"":42.0,""unit_price"":844.12},{""desc"":""DN200*DN200 HDPE 90°elbow ELECTRO"",""unit"":""piece"",""qty"":49.0,""unit_price"":642.96},{""desc"":""DN250*DN250 HDPE 90°elbow ELECTRO"",""unit"":""piece"",""qty"":19.0,""unit_price"":1579.2},{""desc"":""reduction 300/250 PEHD PN16 ELECTRO"",""unit"":""piece"",""qty"":15.0,""unit_price"":913.68},{""desc"":""te DN250*DN250*DN200（HDPE）ELECTRO"",""unit"":""piece"",""qty"":20.0,""unit_price"":2256.0},{""desc"":""te DN300*DN300*DN200 （HDPE）ELECTRO"",""unit"":""piece"",""qty"":24.0,""unit_price"":4324.0},{""desc"":""reduction DN250*DN200 （HDPE）ELECTRO"",""unit"":""piece"",""qty"":28.0,""unit_price"":554.6},{""desc"":""MANCHON DN200（HDPE）MANCHON ELECTRO"",""unit"":""piece"",""qty"":48.0,""unit_price"":532.04},{""desc"":""Bride PEHD 40"",""unit"":""piece"",""qty"":20.0,""unit_price"":179.0},{""desc"":""Bride PEHD 50"",""unit"":""piece"",""qty"":2.0,""unit_price"":185.0},{""desc"":""Grand coude en PVC-U DN75"",""unit"":""piece"",""qty"":18.0,""unit_price"":262.0},{""desc"":""Joint de bride PEHD DN40"",""unit"":""piece"",""qty"":6.0,""unit_price"":33.0}]",20,375001.52,75000.3,450001.82,true,true
facture,047/2026/AI,2026-05-20,c327769f-2f62-4a8b-876c-b3d2ebd79832,AFRICA GLOBAL LOGISTICS & SHIPPING MAROC,001527059000033,"43 BD KHALID IBNOU LOUALID, AIN SEBAA, CASABLANCA",Casablanca,false,"[{""desc"":""Mobilization of a Main Shaft from BOUJDOUR to BORUPVEJ"",""unit"":""Trip"",""qty"":2.0,""unit_price"":319500.0,""tva_rate"":0.0},{""desc"":""Immobilisation"",""unit"":""J"",""qty"":2.0,""unit_price"":6000.0,""tva_rate"":0.0}]",20,651000.0,0.0,651000.0,true,true
facture,048/2026/AI,2026-05-20,b0dede0c-950d-42a9-b6bb-d33db55420dd,MINGDIAN INTERNATIONAL,003389053000034,,Casablanca,false,"[{""desc"":""CHARIOT ELEVATEUR 5T"",""unit"":""JOUR"",""qty"":43.0,""unit_price"":1000.0}]",20,43000.0,8600.0,51600.0,true,true
facture,049/2026/AI,2026-06-09,b00daf69-db4b-4fe8-8721-9591d7df85bf,CHINA OVERSEAS ENGINEERING CORPORATION,001596313000044,"INARA, ROUTE 28 N°25, CALIFORNIE, 20150 CASABLANCA",Casablanca,false,"[{""desc"":""Locatio des camion d'évacuation de déblai à ouvrage CASA"",""unit"":""JOUR"",""qty"":307.0,""unit_price"":1600.0},{""desc"":""Locatio des camion d'évacuation de déblai à ouvrage CASA ( location journalier )"",""unit"":""JOUR"",""qty"":26.7,""unit_price"":1700.0},{""desc"":""Location dune GRUE MOBILE 40TN ouvrage 2800"",""unit"":""JOUR"",""qty"":26.7,""unit_price"":2615.0},{""desc"":""Location dune GRUE MOBILE 35 TN ouvrage 0380"",""unit"":""JOUR"",""qty"":27.0,""unit_price"":2307.0},{""desc"":""Location dune GRUE MOBILE 35 TN ouvrage 0380 (night shift)"",""unit"":""HEURE"",""qty"":20.0,""unit_price"":256.0},{""desc"":""Location chargeuse a la base de vie"",""unit"":""JOUR"",""qty"":26.0,""unit_price"":2300.0},{""desc"":""Location Excavateur sur pneu CAT 318 2009"",""unit"":""JOUR"",""qty"":28.8,""unit_price"":1615.0},{""desc"":""Location Excavateur sur pneu FIAT HITACHI 2800"",""unit"":""JOUR"",""qty"":28.5,""unit_price"":1615.0},{""desc"":""Location Excavateur sur pneu CAT 318 2682"",""unit"":""JOUR"",""qty"":27.0,""unit_price"":1615.0},{""desc"":""Location Excavateur sur CHENILLE CAT volvo 2800 ASA"",""unit"":""JOUR"",""qty"":9.6,""unit_price"":2300.0},{""desc"":""Location Excavateur sur CHENILLE CAT 322 2800 ASA"",""unit"":""JOUR"",""qty"":8.3,""unit_price"":2300.0},{""desc"":""Location Excavateur sur CHENILLE CAT 322 380 CASA"",""unit"":""JOUR"",""qty"":26.0,""unit_price"":2076.0},{""desc"":""Location Excavateur sur CHENILLE CAT 325 0137 /66 CASA"",""unit"":""JOUR"",""qty"":29.5,""unit_price"":2076.0},{""desc"":""Location Excavateur sur CHENILLE VOLVO 2700 CASA"",""unit"":""JOUR"",""qty"":34.7,""unit_price"":2076.0},{""desc"":""Location Excavateur sur CHENILLE CAT 325 2700/2000/0137 CASA"",""unit"":""JOUR"",""qty"":31.6,""unit_price"":2076.0},{""desc"":""Location Excavateur sur CHENILLE CAT 322 0436 CASA"",""unit"":""JOUR"",""qty"":25.5,""unit_price"":2076.0},{""desc"":""Location Excavateur sur CHENILLE CAT 322 0137 CASA"",""unit"":""JOUR"",""qty"":25.1,""unit_price"":2076.0},{""desc"":""Location Excavateur sur CHENILLE CAT 325 0137 CASA"",""unit"":""JOUR"",""qty"":28.7,""unit_price"":2076.0},{""desc"":""Location Excavateur sur CHENILLE CAT 320 0644 CASA"",""unit"":""JOUR"",""qty"":25.0,""unit_price"":2076.0},{""desc"":""Location CAMION CITERNE ( CASABLANCA )"",""unit"":""JOUR"",""qty"":25.7,""unit_price"":1000.0},{""desc"":""Location camion grue"",""unit"":""JOUR"",""qty"":27.3,""unit_price"":1923.0},{""desc"":""Location JCB AVEC MATREAU( MOHAMEDIA )"",""unit"":""JOUR"",""qty"":26.6,""unit_price"":1538.0},{""desc"":""Location JCB AVEC GODGET( MOHAMEDIA )"",""unit"":""JOUR"",""qty"":26.7,""unit_price"":1300.0},{""desc"":""LOCATION COMPACTEUR 1006"",""unit"":""JOUR"",""qty"":4.0,""unit_price"":1400.0}]",20,1539736.3,307947.26,1847683.56,true,true
facture,050/2026/AI,2026-06-04,b00daf69-db4b-4fe8-8721-9591d7df85bf,CHINA OVERSEAS ENGINEERING CORPORATION,001596313000044,"INARA, ROUTE 28 N°25, CALIFORNIE, 20150 CASABLANCA",Casablanca,false,"[{""desc"":""Travaux de transportation de contoneure remoraue grue"",""unit"":""U"",""qty"":2.0,""unit_price"":3500.0},{""desc"":""Travaux de transportation location camion plateau"",""unit"":""u"",""qty"":2.0,""unit_price"":1500.0},{""desc"":""Travaux de déviation de circulation Chariot élévateur 5TN"",""unit"":""U"",""qty"":3.0,""unit_price"":1300.0},{""desc"":""Travaux de transportation location portchar"",""unit"":""u"",""qty"":9.0,""unit_price"":1500.0}]",20,27400.0,5480.0,32880.0,true,true
facture,052/2026/AI,2026-06-04,eb1a5074-7013-4480-a4ca-10521642363a,CHINA CONSTRUCTION YANGTZE MAROC,002086799000041,,Casablanca,false,"[{""desc"":""LOCATION MENSUELLE GRUE MOBILE 75T"",""unit"":""MOIS"",""qty"":1.5,""unit_price"":145000.0,""tva_rate"":20.0},{""desc"":""LOCATION MENSUELLE NACELLE 26M"",""unit"":""MOIS"",""qty"":2.410256,""unit_price"":34000.0,""tva_rate"":20.0}]",20,299448.72,59889.74,359338.46,true,true
facture,054/2026/AI,2026-06-11,b00daf69-db4b-4fe8-8721-9591d7df85bf,CHINA OVERSEAS ENGINEERING CORPORATION,001596313000044,"INARA, ROUTE 28 N°25, CALIFORNIE, 20150 CASABLANCA",Casablanca,false,"[{""desc"":""8米剪叉式升降平台租赁 ×4台 OCATION NACELLE CISEAUX 8M ×4"",""unit"":""月 mois"",""qty"":4.0,""unit_price"":15500.0},{""desc"":""3吨叉车租赁（1号） LOCATION CHARIOT ELEVATEUR 3T (1)"",""unit"":""月 mois"",""qty"":1.0,""unit_price"":24000.0},{""desc"":""3吨叉车租赁（2号） LOCATION CHARIOT ELEVATEUR 3T (2)"",""unit"":""月 mois"",""qty"":1.0,""unit_price"":24000.0},{""desc"":""18米柴油曲臂式高空作业平台租赁 LOCATION D’UNE NACELLE DIESEL 18M"",""unit"":""天 JOURS"",""qty"":16.0,""unit_price"":850.0},{""desc"":""18米高空作业平台退场运输费 MOBILISATION NACELLE 18M"",""unit"":""次 Retour"",""qty"":1.0,""unit_price"":5500.0},{""desc"":""16米电动高空作业平台租赁 LOCATION D’UNE NACELLE ELECTRIQUE 16M"",""unit"":""天 JOURS"",""qty"":18.0,""unit_price"":850.0},{""desc"":""16米电动高空作业平台进场运输费 MOBILISATION NACELLE 16M ELECTRIQUE"",""unit"":""次 Aller"",""qty"":1.0,""unit_price"":4000.0},{""desc"":""伸缩臂叉装车（Telehandler）租赁 LOCATION CHARIOT TELESCOPIQUE"",""unit"":""天 JOURS"",""qty"":13.0,""unit_price"":1500.0},{""desc"":""伸缩臂叉装车运输费 MOBILISATION LOCATION CHARIOT TELESCOPIQUE"",""unit"":""次 Aller"",""qty"":1.0,""unit_price"":3000.0},{""desc"":""130吨汽车起重机租赁 LOCATION D’UNE GRUE MOBILE 130T"",""unit"":""天 JOURS"",""qty"":10.0,""unit_price"":13000.0},{""desc"":""130吨汽车起重机往返运输费 MOBILISATION GRUE MOBILE 130T"",""unit"":""往返 Aller-retour"",""qty"":2.0,""unit_price"":22000.0}]",20,344900.0,68980.0,413880.0,true,true
facture,055/2026/AI,2026-06-22,a03d5a5e-f0f0-4363-9f01-c7c55c1f67af,GOTION POWER MOROCCO,003520699000060,,Casablanca,false,"[{""desc"":""LOCATION JOURNALIERE D’UN CHARIOT EELEVATEUR 3T *2"",""unit"":""JOURS"",""qty"":38.0,""unit_price"":962.0,""tva_rate"":0.0},{""desc"":""MOBILISATION CHARIOT ELEVATEUR 3T *2"",""unit"":""ENTRÉE-SORTIE"",""qty"":4.0,""unit_price"":4000.0,""tva_rate"":0.0},{""desc"":""LOCATION JOURNALIERE D’UN CHARIOT ELEVATEUR 5T"",""unit"":""JOURS"",""qty"":8.0,""unit_price"":1077.0,""tva_rate"":0.0},{""desc"":""MOBILISATION CHARIOT ELEVATEUR 5T"",""unit"":""ENTRÉE-SORTIE"",""qty"":2.0,""unit_price"":4000.0,""tva_rate"":0.0},{""desc"":""LOCATION JOURNALIERE D’UN CHARIOT ELEVATEUR 16T"",""unit"":""JOURS"",""qty"":11.5,""unit_price"":2115.4,""tva_rate"":0.0},{""desc"":""MOBILISATION CHARIOT ELEVATEUR 16T"",""unit"":""ENTRÉE-SORTIE"",""qty"":2.0,""unit_price"":4000.0,""tva_rate"":0.0},{""desc"":""LOCATION JOURNALIERE TRANSPALETTE ELECTRIQUE*3"",""unit"":""JOURS"",""qty"":12.0,""unit_price"":350.0,""tva_rate"":0.0},{""desc"":""MOBILISATION TRANSPALETTE ELECTRIQUE*3"",""unit"":""ENTRÉE-SORTIE"",""qty"":2.0,""unit_price"":4000.0,""tva_rate"":0.0},{""desc"":""FRAIS DE DEDOUANEMENT"",""unit"":""ENTREE"",""qty"":7.0,""unit_price"":600.0,""tva_rate"":0.0}]",20,117899.1,0.0,117899.1,true,true
facture,056/2026/AI,2026-06-20,c327769f-2f62-4a8b-876c-b3d2ebd79832,AFRICA GLOBAL LOGISTICS & SHIPPING MAROC,001527059000033,"43 BD KHALID IBNOU LOUALID, AIN SEBAA, CASABLANCA",Casablanca,false,"[{""desc"":""Transportation of a Main Shaft from BOUJDOUR, MA to BORUPVEJ, Danemark"",""unit"":""Trip"",""qty"":1.0,""unit_price"":319500.0,""tva_rate"":0.0}]",20,319500.0,0.0,319500.0,true,true
facture,057/2026/AI,2026-07-07,b00daf69-db4b-4fe8-8721-9591d7df85bf,CHINA OVERSEAS ENGINEERING CORPORATION,001596313000044,"INARA, ROUTE 28 N°25, CALIFORNIE, 20150 CASABLANCA",Casablanca,false,"[{""desc"":""Locatio des camion d'évacuation de déblai à ouvrage CASA"",""unit"":""JOUR"",""qty"":24.0,""unit_price"":1600.0},{""desc"":""Location dune GRUE MOBILE 40TN ouvrage 2800"",""unit"":""JOUR"",""qty"":22.0,""unit_price"":2615.0},{""desc"":""Location dune GRUE MOBILE 35 TN ouvrage 0137"",""unit"":""JOUR"",""qty"":9.0,""unit_price"":2307.0},{""desc"":""Location chargeuse a la base de vie"",""unit"":""JOUR"",""qty"":7.0,""unit_price"":2300.0},{""desc"":""Location Excavateur sur pneu CAT 318 2009"",""unit"":""JOUR"",""qty"":22.2,""unit_price"":1615.0},{""desc"":""Location Excavateur sur pneu FIAT HITACHI 2800"",""unit"":""JOUR"",""qty"":20.0,""unit_price"":1615.0},{""desc"":""Location Excavateur sur pneu FIAT HITACHI 2682"",""unit"":""JOUR"",""qty"":21.0,""unit_price"":1615.0},{""desc"":""Location Excavateur sur CHENILLE CAT 325 0114"",""unit"":""JOUR"",""qty"":21.0,""unit_price"":2076.0},{""desc"":""Location Excavateur sur CHENILLE cat 322"",""unit"":""JOUR"",""qty"":20.3,""unit_price"":2076.0},{""desc"":""Location Excavateur sur CHENILLE Volvo 2700"",""unit"":""JOUR"",""qty"":9.7,""unit_price"":2076.0},{""desc"":""Location Excavateur sur CHENILLE 322. 380"",""unit"":""JOUR"",""qty"":6.6,""unit_price"":2076.0},{""desc"":""Location Excavateur sur CHENILLE 322. 1409"",""unit"":""JOUR"",""qty"":8.5,""unit_price"":2300.0},{""desc"":""Location camion grue"",""unit"":""JOUR"",""qty"":19.0,""unit_price"":1923.0},{""desc"":""Location JCB AVEC MATREAU( MOHAMEDIA )"",""unit"":""JOUR"",""qty"":19.5,""unit_price"":1538.0},{""desc"":""Location JCB AVEC GODGET 1006"",""unit"":""JOUR"",""qty"":19.0,""unit_price"":1300.0},{""desc"":""Location Compacteur"",""unit"":""JOUR"",""qty"":16.8,""unit_price"":1400.0},{""desc"":""L O CATION PORTCHAR 100 TN"",""unit"":""U"",""qty"":2.0,""unit_price"":60000.0},{""desc"":""Travaux de déviation de circulation Chariot élévateur 5TN"",""unit"":""U"",""qty"":3.0,""unit_price"":1300.0}]",20,612636.6,122527.32,735163.92,true,true
facture,058/2026/AI,2026-06-25,c327769f-2f62-4a8b-876c-b3d2ebd79832,AFRICA GLOBAL LOGISTICS & SHIPPING MAROC,001527059000033,"43 BD KHALID IBNOU LOUALID, AIN SEBAA, CASABLANCA",Casablanca,false,"[{""desc"":""Transportation of a Main Shaft from Tarfaya, Morocco to Denmark"",""unit"":""Trip"",""qty"":1.0,""unit_price"":283500.0,""tva_rate"":0.0}]",20,283500.0,0.0,283500.0,true,true
facture,059/2026/AI,2026-06-25,c327769f-2f62-4a8b-876c-b3d2ebd79832,AFRICA GLOBAL LOGISTICS & SHIPPING MAROC,001527059000033,"43 BD KHALID IBNOU LOUALID, AIN SEBAA, CASABLANCA",Casablanca,false,"[{""desc"":""Transportation of a Main Shaft from BOUJDOUR,MA to Valadolid,Spain"",""unit"":""Trip"",""qty"":1.0,""unit_price"":168000.0,""tva_rate"":0.0},{""desc"":""Fuel surcharge"",""unit"":""U"",""qty"":1.0,""unit_price"":19000.0,""tva_rate"":0.0}]",20,187000.0,0.0,187000.0,true,true
facture,060/2026/AI,2026-07-03,19fdb495-99be-4cfe-8afa-8ff0826c4832,ZHONGCHENG INTERNATIONAL SARL,003775962000003,,Casablanca,false,"[{""desc"":""-LOCATION CHARIOT ELEVATEUR TELESCOPIQUE 17M"",""unit"":""JOUR"",""qty"":30.0,""unit_price"":1300.0,""tva_rate"":20.0}]",20,39000.0,7800.0,46800.0,true,true
facture,061/2026/AI,2026-07-06,a03d5a5e-f0f0-4363-9f01-c7c55c1f67af,GOTION POWER MOROCCO,003520699000060,,Casablanca,false,"[{""desc"":""LOCATION MENSUELLE D’UN CHARIOT ELEVATEUR 5T PERIODE :DU 01/06 AU 30/06"",""unit"":""MOIS"",""qty"":1.0,""unit_price"":28000.0,""tva_rate"":0.0},{""desc"":""LOCATION D’UN CHARIOT EELEVATEUR 5T PERIODE :DU 01/06 AU 30/06"",""unit"":""HEURES"",""qty"":3.0,""unit_price"":119.66,""tva_rate"":0.0},{""desc"":""LOCATION MENSUELLE D’UN CHARIOT ELEVATEUR 16T PERIODE :DU 01/06 AU 30/06"",""unit"":""MOIS"",""qty"":1.0,""unit_price"":55000.0,""tva_rate"":0.0},{""desc"":""LOCATION D’UN CHARIOT ELEVATEUR 16T PERIODE :DU 01/06 AU 30/06"",""unit"":""HEURES"",""qty"":5.0,""unit_price"":235.04,""tva_rate"":0.0},{""desc"":""LOCATION JOURNALIERE D’UN CHARIOT ELEVATEUR 3T*2 PERIODE :DU 24/04 AU 30/04"",""unit"":""JOURS"",""qty"":12.0,""unit_price"":962.0,""tva_rate"":0.0}]",20,96078.18,0.0,96078.18,true,true
facture,063/2026/AI,2026-06-26,c327769f-2f62-4a8b-876c-b3d2ebd79832,AFRICA GLOBAL LOGISTICS & SHIPPING MAROC,001527059000033,"43 BD KHALID IBNOU LOUALID, AIN SEBAA, CASABLANCA",Casablanca,false,"[{""desc"":""Transportation of a Main shaft from Tarfaya,MA to Brande,Denmark"",""unit"":""Trip"",""qty"":1.0,""unit_price"":283500.0,""tva_rate"":0.0}]",20,283500.0,0.0,283500.0,true,true
facture,064/2026/AI,2026-06-26,c327769f-2f62-4a8b-876c-b3d2ebd79832,AFRICA GLOBAL LOGISTICS & SHIPPING MAROC,001527059000033,"43 BD KHALID IBNOU LOUALID, AIN SEBAA, CASABLANCA",Casablanca,false,"[{""desc"":""Transportation of a GEAR from Tarfaya,MA to Brande,Denmark"",""unit"":""Trip"",""qty"":1.0,""unit_price"":153900.0,""tva_rate"":0.0}]",20,153900.0,0.0,153900.0,true,true
facture,065/2026/AI,2026-07-07,a03d5a5e-f0f0-4363-9f01-c7c55c1f67af,GOTION POWER MOROCCO,003520699000060,,Casablanca,false,"[{""desc"":""LOCATION GRUE 160 TN"",""unit"":""JOUR"",""qty"":3.0,""unit_price"":21000.0,""tva_rate"":0.0},{""desc"":""MOBILISATION DEMBILISATION"",""unit"":""U"",""qty"":2.0,""unit_price"":17000.0,""tva_rate"":0.0},{""desc"":""Camion 12 m"",""unit"":""JOUR"",""qty"":3.0,""unit_price"":2000.0,""tva_rate"":0.0}]",20,103000.0,0.0,103000.0,true,true
facture,068/2026/AI,2026-08-18,b00daf69-db4b-4fe8-8721-9591d7df85bf,CHINA OVERSEAS ENGINEERING CORPORATION,001596313000044,"INARA, ROUTE 28 N°25, CALIFORNIE, 20150 CASABLANCA",Casablanca,false,"[{""desc"":""Location de camion d'évacuation de déblai à CASA / Mohamedia / Bouskoura ( Location journalière)"",""unit"":""JOUR"",""qty"":66.0,""unit_price"":1700.0},{""desc"":""Location dune GRUE MOBILE 40TN ouvrage 2800"",""unit"":""JOUR"",""qty"":27.0,""unit_price"":2307.0},{""desc"":""Location dune GRUE MOBILE 30 TN Bouskoura 1409"",""unit"":""JOUR"",""qty"":8.0,""unit_price"":2115.0},{""desc"":""Location forfaitaire dune GRUE MOBILE 240 TN 0253"",""unit"":""U"",""qty"":1.0,""unit_price"":60000.0},{""desc"":""Location Excavateur sur pneu CAT 318 2009"",""unit"":""JOUR"",""qty"":27.7,""unit_price"":1615.0},{""desc"":""Location Excavateur sur pneu FIAT HITACHI 2800"",""unit"":""JOUR"",""qty"":26.0,""unit_price"":1615.0},{""desc"":""Location Excavateur sur pneu CASE 2682"",""unit"":""JOUR"",""qty"":17.0,""unit_price"":1615.0},{""desc"":""Location Excavateur sur CHENILLE CAT 325 0114"",""unit"":""JOUR"",""qty"":24.0,""unit_price"":2076.0},{""desc"":""Location Excavateur sur CHENILLE cat 322 0713"",""unit"":""JOUR"",""qty"":23.0,""unit_price"":2076.0},{""desc"":""Location Excavateur sur CHENILLE 322. 1409"",""unit"":""JOUR"",""qty"":2.0,""unit_price"":2076.0},{""desc"":""Location Mini Excavateur sur CHENILLE 0137"",""unit"":""JOUR"",""qty"":17.7,""unit_price"":1423.0},{""desc"":""Location camion grue"",""unit"":""JOUR"",""qty"":24.5,""unit_price"":1923.0},{""desc"":""Location JCB AVEC MATREAU ( MOHAMEDIA )"",""unit"":""JOUR"",""qty"":22.0,""unit_price"":1538.0},{""desc"":""Location JCB AVEC GODGET 1006"",""unit"":""JOUR"",""qty"":21.0,""unit_price"":1300.0},{""desc"":""Location Auto betoniaire 3 m3"",""unit"":""JOUR"",""qty"":6.0,""unit_price"":1900.0},{""desc"":""Location Compacteur"",""unit"":""JOUR"",""qty"":26.0,""unit_price"":1400.0},{""desc"":""LOCATION PORTCHAR TRANSPORTATION PELLE 1409"",""unit"":""U"",""qty"":1.0,""unit_price"":1500.0},{""desc"":""LOCATION PORTCHAR 100 TN"",""unit"":""U"",""qty"":1.0,""unit_price"":6000.0}]",20,656050.1,131210.02,787260.12,true,true
facture,070/2026/AI,2026-07-28,,FRACHT MAROC,003320081000072,,Casablanca,false,"[{""desc"":""Transport du Main Shaft d'Agreda (Espagne) vers Boulnouar (Mauritanie)"",""unit"":""FF"",""qty"":1.0,""unit_price"":324000.0,""tva_rate"":0.0},{""desc"":""IMMOBILISATION DU CAMION"",""unit"":""JOURS"",""qty"":5.0,""unit_price"":5000.0,""tva_rate"":0.0}]",20,349000.0,0.0,349000.0,true,true
facture,071/2026/AI,2026-08-03,a03d5a5e-f0f0-4363-9f01-c7c55c1f67af,GOTION POWER MOROCCO,003520699000060,,Casablanca,false,"[{""desc"":""LOCATION MENSUELLE D’UN CHARIOT ELEVATEUR 5T PERIODE :DU 01/07 AU 31/07"",""unit"":""JOURS"",""qty"":27.0,""unit_price"":1076.92,""tva_rate"":0.0},{""desc"":""LOCATION MENSUELLE D’UN CHARIOT ELEVATEUR 16T PERIODE :DU 01/07 AU 31/07"",""unit"":""JOURS"",""qty"":27.0,""unit_price"":2115.38,""tva_rate"":0.0},{""desc"":""LOCATION D’UN CHARIOT ELEVATEUR 16T PERIODE :DU 01/07 AU 31/07"",""unit"":""HEURES"",""qty"":2.5,""unit_price"":235.04,""tva_rate"":0.0}]",20,86779.7,0.0,86779.7,true,true
facture,072/2026/AI,2026-08-03,a03d5a5e-f0f0-4363-9f01-c7c55c1f67af,GOTION POWER MOROCCO,003520699000060,,Casablanca,false,"[{""desc"":""LOCATION MENSUELLE D’UNE GRUE MOBILE 100T PERIODE :DU 01/07 AU 31/07"",""unit"":""JOURS"",""qty"":25.0,""unit_price"":5000.0,""tva_rate"":0.0},{""desc"":""LOCATION MENSUELLE D’UNE GRUE MOBILE 100T PERIODE :DU 01/07 AU 31/07"",""unit"":""HEURES"",""qty"":10.0,""unit_price"":555.55,""tva_rate"":0.0},{""desc"":""MOBILISATION/DEMOBILISATION D’UNE GRUE MOBILE 100T"",""unit"":""Aller-retour"",""qty"":1.0,""unit_price"":34000.0,""tva_rate"":0.0}]",20,164555.5,0.0,164555.5,true,true
facture,073/2026/AI,2026-08-08,b00daf69-db4b-4fe8-8721-9591d7df85bf,CHINA OVERSEAS ENGINEERING CORPORATION,001596313000044,"INARA, ROUTE 28 N°25, CALIFORNIE, 20150 CASABLANCA",Casablanca,false,"[{""desc"":""-LOCATION NACELLE CISEAUX 8M (1)"",""unit"":""MOIS"",""qty"":1.0,""unit_price"":15500.0},{""desc"":""-LOCATION NACELLE CISEAUX 8M (2)"",""unit"":""MOIS"",""qty"":1.0,""unit_price"":15500.0},{""desc"":""-LOCATION NACELLE CISEAUX 8M (3)"",""unit"":""MOIS"",""qty"":1.0,""unit_price"":15500.0},{""desc"":""-LOCATION NACELLE CISEAUX 8M (4)"",""unit"":""JOURS"",""qty"":29.0,""unit_price"":500.0},{""desc"":""-MOBILISATION NACELLE CISEAUX 8M"",""unit"":""Aller-retour"",""qty"":2.0,""unit_price"":2500.0},{""desc"":""-LOCATION NACELLE CISEAUX 8M(5)"",""unit"":""JOURS"",""qty"":9.0,""unit_price"":500.0},{""desc"":""-MOBILISATION NACELLE CISEAUX 8M"",""unit"":""Aller"",""qty"":1.0,""unit_price"":2500.0},{""desc"":""-LOCATION NACELLE CISEAUX 12M"",""unit"":""MOIS"",""qty"":1.0,""unit_price"":19076.78},{""desc"":""-MOBILISATION NACELLE CISEAUX 12M"",""unit"":""Aller"",""qty"":1.0,""unit_price"":6000.0},{""desc"":""-LOCATION CHARIOT ELEVATEUR 3T (1)"",""unit"":""MOIS"",""qty"":1.0,""unit_price"":23846.13},{""desc"":""-LOCATION CHARIOT ELEVATEUR 3T (2)"",""unit"":""MOIS"",""qty"":1.0,""unit_price"":23846.13},{""desc"":""-LOCATION CHARIOT ELEVATEUR 3T (3)"",""unit"":""JOURS"",""qty"":9.0,""unit_price"":769.23},{""desc"":""-MOBILISATION CHARIOT ELEVATEUR 3T (3)"",""unit"":""Aller"",""qty"":1.0,""unit_price"":6000.0},{""desc"":""-LOCATION D’UNE NACELLE ELECTRIQUE 16M (2)"",""unit"":""MOIS"",""qty"":1.0,""unit_price"":26350.0},{""desc"":""-LOCATION D’UNE NACELLE ELECTRIQUE 16M (2)"",""unit"":""JOURS"",""qty"":20.0,""unit_price"":850.0},{""desc"":""-MOBILISATION NACELLE 16 M (2)"",""unit"":""Retour"",""qty"":1.0,""unit_price"":6000.0},{""desc"":""-LOCATION CHARIOT TELESCOPIQUE"",""unit"":""JOUR"",""qty"":30.0,""unit_price"":1500.0},{""desc"":""-LOCATION CHARIOT TELESCOPIQUE"",""unit"":""HEURE"",""qty"":26.5,""unit_price"":166.66}]",20,257458.6,51491.72,308950.32,true,true
facture,074/2026/AI,2026-08-17,b0dede0c-950d-42a9-b6bb-d33db55420dd,MINGDIAN INTERNATIONAL,003389053000034,,Casablanca,false,"[{""desc"":""CHARIOT ELEVATEUR TELESCOPIQUE"",""unit"":""JOURS"",""qty"":28.5,""unit_price"":1300.0,""tva_rate"":20.0},{""desc"":""CHARIOT ELEVATEUR TELESCOPIQUE"",""unit"":""HEURES"",""qty"":17.0,""unit_price"":144.44,""tva_rate"":20.0},{""desc"":""CHARIOT ELEVATEUR TELESCOPIQUE"",""unit"":""JOURS"",""qty"":59.0,""unit_price"":1200.0,""tva_rate"":20.0},{""desc"":""CHARIOT ELEVATEUR TELESCOPIQUE"",""unit"":""HEURES"",""qty"":39.0,""unit_price"":133.33,""tva_rate"":20.0},{""desc"":""CAMION CITERNE D’EAU"",""unit"":""JOURS"",""qty"":48.0,""unit_price"":800.0,""tva_rate"":20.0},{""desc"":""TRACTOPELLE 1"",""unit"":""JOURS"",""qty"":26.0,""unit_price"":1000.0,""tva_rate"":20.0},{""desc"":""TRACTOPELLE 1"",""unit"":""HEURES"",""qty"":2.0,""unit_price"":111.11,""tva_rate"":20.0},{""desc"":""TRACTOPELLE 2"",""unit"":""JOURS"",""qty"":23.0,""unit_price"":1000.0,""tva_rate"":20.0},{""desc"":""CAMION 8*4"",""unit"":""JOURS"",""qty"":30.5,""unit_price"":1700.0,""tva_rate"":20.0},{""desc"":""PELLE SUR CHENILLE 320C"",""unit"":""JOURS"",""qty"":11.5,""unit_price"":2000.0,""tva_rate"":20.0},{""desc"":""PELLE SUR CHENILLE 320C"",""unit"":""HEURES"",""qty"":4.0,""unit_price"":222.22,""tva_rate"":20.0},{""desc"":""PELLE SUR CHENILLE VOLVO"",""unit"":""JOURS"",""qty"":27.5,""unit_price"":2000.0,""tva_rate"":20.0},{""desc"":""PELLE SUR CHENILLE VOLVO"",""unit"":""HEURES"",""qty"":1.0,""unit_price"":222.22,""tva_rate"":20.0},{""desc"":""CHARGEUSE 950H"",""unit"":""JOURS"",""qty"":20.0,""unit_price"":2300.0,""tva_rate"":20.0},{""desc"":""CHARGEUSE 950H"",""unit"":""HEURES"",""qty"":9.0,""unit_price"":255.55,""tva_rate"":20.0},{""desc"":""Frais d’Entrée de chargeuse"",""unit"":""Aller"",""qty"":1.0,""unit_price"":13000.0,""tva_rate"":20.0},{""desc"":""Frais d’entrée et sortie Tractopelle 1"",""unit"":""Aller-retour"",""qty"":2.0,""unit_price"":1500.0,""tva_rate"":20.0},{""desc"":""Frais d’entrée Tractopelle 2"",""unit"":""Aller"",""qty"":1.0,""unit_price"":1500.0,""tva_rate"":20.0},{""desc"":""Frais d’entrée et sortie 320C"",""unit"":""Aller-retour"",""qty"":2.0,""unit_price"":1500.0,""tva_rate"":20.0},{""desc"":""Dédouanement pelle sur chenille 320c"",""unit"":""UN"",""qty"":2.0,""unit_price"":1000.0,""tva_rate"":20.0},{""desc"":""Frais d’entrée et sortie VOLVO"",""unit"":""Aller-retour"",""qty"":2.0,""unit_price"":1500.0,""tva_rate"":20.0},{""desc"":""Dédouanement pelle sur chenille VOLVO"",""unit"":""UN"",""qty"":2.0,""unit_price"":1000.0,""tva_rate"":20.0}]",20,409888.62,81977.72,491866.34,true,true
facture,076/2026/AI,2026-08-31,a03d5a5e-f0f0-4363-9f01-c7c55c1f67af,GOTION POWER MOROCCO,003520699000060,,Casablanca,false,"[{""desc"":""LOCATION MENSUELLE D’UNE GRUE MOBILE 100T PERIODE :DU 01/08 AU 31/08"",""unit"":""JOURS"",""qty"":27.0,""unit_price"":5000.0,""tva_rate"":0.0}]",20,135000.0,0.0,135000.0,true,true
facture,077/2026/AI,2026-09-01,b00daf69-db4b-4fe8-8721-9591d7df85bf,CHINA OVERSEAS ENGINEERING CORPORATION,001596313000044,"INARA, ROUTE 28 N°25, CALIFORNIE, 20150 CASABLANCA",Casablanca,false,"[{""desc"":""-LOCATION NACELLE CISEAUX 8M*5"",""unit"":""MOIS"",""qty"":5.0,""unit_price"":15500.0},{""desc"":""-LOCATION NACELLE CISEAUX 12M"",""unit"":""MOIS"",""qty"":1.0,""unit_price"":19076.78},{""desc"":""-LOCATION CHARIOT ELEVATEUR 3T (1)"",""unit"":""MOIS"",""qty"":1.0,""unit_price"":23846.13},{""desc"":""-LOCATION CHARIOT ELEVATEUR 3T (1)"",""unit"":""HEURES"",""qty"":93.0,""unit_price"":85.47},{""desc"":""-LOCATION CHARIOT ELEVATEUR 3T (2)"",""unit"":""MOIS"",""qty"":1.0,""unit_price"":23846.13},{""desc"":""-LOCATION CHARIOT ELEVATEUR 3T (2)"",""unit"":""HEURES"",""qty"":93.0,""unit_price"":85.47},{""desc"":""-LOCATION CHARIOT ELEVATEUR 3T (3)"",""unit"":""MOIS"",""qty"":1.0,""unit_price"":23846.13},{""desc"":""-LOCATION CHARIOT ELEVATEUR 3T (3)"",""unit"":""HEURES"",""qty"":93.0,""unit_price"":85.47},{""desc"":""-LOCATION CHARIOT ELEVATEUR 3T (4)"",""unit"":""JOURS"",""qty"":22.0,""unit_price"":769.23},{""desc"":""-LOCATION CHARIOT ELEVATEUR 3T (4)"",""unit"":""HEURES"",""qty"":66.0,""unit_price"":85.47},{""desc"":""-LOCATION CHARIOT ELEVATEUR 3T (5)"",""unit"":""JOURS"",""qty"":9.0,""unit_price"":769.23},{""desc"":""-LOCATION CHARIOT ELEVATEUR 3T (5)"",""unit"":""HEURES"",""qty"":27.0,""unit_price"":85.47},{""desc"":""-MOBILISATION CHARIOT ELEVATEUR 3T (4)"",""unit"":""Aller"",""qty"":1.0,""unit_price"":7500.0},{""desc"":""-MOBILISATION CHARIOT ELEVATEUR 3T (5)"",""unit"":""Aller"",""qty"":1.0,""unit_price"":7500.0},{""desc"":""-LOCATION CHARIOT TELESCOPIQUE"",""unit"":""JOUR"",""qty"":31.0,""unit_price"":1500.0},{""desc"":""-LOCATION CHARIOT TELESCOPIQUE"",""unit"":""HEURE"",""qty"":46.5,""unit_price"":166.66}]",20,293005.83,58601.16,351606.99,true,true
facture,078/2026/AI,2026-09-01,a03d5a5e-f0f0-4363-9f01-c7c55c1f67af,GOTION POWER MOROCCO,003520699000060,,Casablanca,false,"[{""desc"":""LOCATION MENSUELLE D’UN CHARIOT ELEVATEUR 5T PERIODE :DU 01/08 AU 31/08"",""unit"":""JOURS"",""qty"":27.0,""unit_price"":1076.92,""tva_rate"":0.0},{""desc"":""LOCATION MENSUELLE D’UN CHARIOT ELEVATEUR 16T PERIODE :DU 01/08 AU 31/08"",""unit"":""JOURS"",""qty"":27.0,""unit_price"":2115.38,""tva_rate"":0.0}]",20,86192.1,0.0,86192.1,true,true
facture,080/2026/AI,2026-09-07,b0dede0c-950d-42a9-b6bb-d33db55420dd,MINGDIAN INTERNATIONAL,003389053000034,,Casablanca,false,"[{""desc"":""CHARIOT ELEVATEUR TELESCOPIQUE 1"",""unit"":""JOURS"",""qty"":31.0,""unit_price"":1200.0,""tva_rate"":20.0},{""desc"":""CHARIOT ELEVATEUR TELESCOPIQUE 2"",""unit"":""JOURS"",""qty"":27.0,""unit_price"":1200.0,""tva_rate"":20.0},{""desc"":""CHARIOT ELEVATEUR TELESCOPIQUE 2"",""unit"":""HEURES"",""qty"":2.0,""unit_price"":133.33,""tva_rate"":20.0},{""desc"":""CAMION CITERNE D’EAU"",""unit"":""JOURS"",""qty"":21.5,""unit_price"":800.0,""tva_rate"":20.0},{""desc"":""TRACTOPELLE 2"",""unit"":""JOURS"",""qty"":23.5,""unit_price"":1000.0,""tva_rate"":20.0},{""desc"":""PELLE SUR CHENILLES 325L"",""unit"":""JOURS"",""qty"":3.0,""unit_price"":1900.0,""tva_rate"":20.0}]",20,116266.66,23253.33,139519.99,true,true
